<annotation>
	<folder>sample_input_dataset</folder>
	<filename>P00X000-2019092704192.jpg</filename>
	<path>/home/user/test</path>
	<source>
		<database>Unknown</database>
	</source>
	<size>
		<width>576</width>
		<height>624</height>
		<depth>3</depth>
	</size>
	<segmented>0</segmented>
	<object>
		<name>grinder</name>
		<pose>Unspecified</pose>
		<truncated>0</truncated>
		<difficult>0</difficult>
		<bndbox>
			<xmin>297</xmin>
			<ymin>217</ymin>
			<xmax>457</xmax>
			<ymax>510</ymax>
		</bndbox>
	</object>
	<object>
		<name>drill</name>
		<pose>Unspecified</pose>
		<truncated>0</truncated>
		<difficult>0</difficult>
		<bndbox>
			<xmin>111</xmin>
			<ymin>52</ymin>
			<xmax>425</xmax>
			<ymax>135</ymax>
		</bndbox>
	</object>
</annotation>
