<annotation>
	<folder>sample_input_dataset</folder>
	<filename>P00X000-2019092702224.jpg</filename>
	<path>/home/user/test</path>
	<source>
		<database>Unknown</database>
	</source>
	<size>
		<width>576</width>
		<height>648</height>
		<depth>3</depth>
	</size>
	<segmented>0</segmented>
	<object>
		<name>lighter</name>
		<pose>Unspecified</pose>
		<truncated>0</truncated>
		<difficult>0</difficult>
		<bndbox>
			<xmin>58</xmin>
			<ymin>353</ymin>
			<xmax>96</xmax>
			<ymax>440</ymax>
		</bndbox>
	</object>
	<object>
		<name>knife</name>
		<pose>Unspecified</pose>
		<truncated>0</truncated>
		<difficult>0</difficult>
		<bndbox>
			<xmin>233</xmin>
			<ymin>173</ymin>
			<xmax>300</xmax>
			<ymax>234</ymax>
		</bndbox>
	</object>
	<object>
		<name>scissors</name>
		<pose>Unspecified</pose>
		<truncated>0</truncated>
		<difficult>0</difficult>
		<bndbox>
			<xmin>182</xmin>
			<ymin>274</ymin>
			<xmax>287</xmax>
			<ymax>440</ymax>
		</bndbox>
	</object>
	<object>
		<name>keypad_mobile</name>
		<pose>Unspecified</pose>
		<truncated>0</truncated>
		<difficult>0</difficult>
		<bndbox>
			<xmin>66</xmin>
			<ymin>34</ymin>
			<xmax>166</xmax>
			<ymax>145</ymax>
		</bndbox>
	</object>
</annotation>
