<annotation>
	<folder>sample_input_dataset</folder>
	<filename>P00X000-2019092704113.jpg</filename>
	<path>/home/user/test</path>
	<source>
		<database>Unknown</database>
	</source>
	<size>
		<width>576</width>
		<height>588</height>
		<depth>3</depth>
	</size>
	<segmented>0</segmented>
	<object>
		<name>grinder</name>
		<pose>Unspecified</pose>
		<truncated>0</truncated>
		<difficult>0</difficult>
		<bndbox>
			<xmin>142</xmin>
			<ymin>146</ymin>
			<xmax>369</xmax>
			<ymax>405</ymax>
		</bndbox>
	</object>
</annotation>
