<annotation>
	<folder>sample_input_dataset</folder>
	<filename>P00X000-2019092701425.jpg</filename>
	<path>/home/user/test</path>
	<source>
		<database>Unknown</database>
	</source>
	<size>
		<width>576</width>
		<height>660</height>
		<depth>3</depth>
	</size>
	<segmented>0</segmented>
	<object>
		<name>gun</name>
		<pose>Unspecified</pose>
		<truncated>0</truncated>
		<difficult>0</difficult>
		<bndbox>
			<xmin>295</xmin>
			<ymin>220</ymin>
			<xmax>419</xmax>
			<ymax>481</ymax>
		</bndbox>
	</object>
	<object>
		<name>bottle</name>
		<pose>Unspecified</pose>
		<truncated>0</truncated>
		<difficult>0</difficult>
		<bndbox>
			<xmin>114</xmin>
			<ymin>93</ymin>
			<xmax>277</xmax>
			<ymax>379</ymax>
		</bndbox>
	</object>
	<object>
		<name>razor_blade</name>
		<pose>Unspecified</pose>
		<truncated>0</truncated>
		<difficult>0</difficult>
		<bndbox>
			<xmin>329</xmin>
			<ymin>331</ymin>
			<xmax>351</xmax>
			<ymax>382</ymax>
		</bndbox>
	</object>
</annotation>
