<annotation>
	<folder>sample_input_dataset</folder>
	<filename>P00X000-2019092703227.jpg</filename>
	<path>/home/user/test</path>
	<source>
		<database>Unknown</database>
	</source>
	<size>
		<width>576</width>
		<height>588</height>
		<depth>3</depth>
	</size>
	<segmented>0</segmented>
	<object>
		<name>knife</name>
		<pose>Unspecified</pose>
		<truncated>0</truncated>
		<difficult>0</difficult>
		<bndbox>
			<xmin>255</xmin>
			<ymin>113</ymin>
			<xmax>320</xmax>
			<ymax>248</ymax>
		</bndbox>
	</object>
	<object>
		<name>gun</name>
		<pose>Unspecified</pose>
		<truncated>0</truncated>
		<difficult>0</difficult>
		<bndbox>
			<xmin>52</xmin>
			<ymin>306</ymin>
			<xmax>168</xmax>
			<ymax>481</ymax>
		</bndbox>
	</object>
	<object>
		<name>scissors</name>
		<pose>Unspecified</pose>
		<truncated>0</truncated>
		<difficult>0</difficult>
		<bndbox>
			<xmin>321</xmin>
			<ymin>276</ymin>
			<xmax>351</xmax>
			<ymax>351</ymax>
		</bndbox>
	</object>
</annotation>
