<annotation>
	<folder>sample_input_dataset</folder>
	<filename>P00X000-2019092706232.jpg</filename>
	<path>/home/user/test</path>
	<source>
		<database>Unknown</database>
	</source>
	<size>
		<width>576</width>
		<height>588</height>
		<depth>3</depth>
	</size>
	<segmented>0</segmented>
	<object>
		<name>flashdrive</name>
		<pose>Unspecified</pose>
		<truncated>0</truncated>
		<difficult>0</difficult>
		<bndbox>
			<xmin>188</xmin>
			<ymin>253</ymin>
			<xmax>241</xmax>
			<ymax>305</ymax>
		</bndbox>
	</object>
	<object>
		<name>bottle</name>
		<pose>Unspecified</pose>
		<truncated>0</truncated>
		<difficult>0</difficult>
		<bndbox>
			<xmin>355</xmin>
			<ymin>267</ymin>
			<xmax>487</xmax>
			<ymax>491</ymax>
		</bndbox>
	</object>
</annotation>
