<annotation>
	<folder>sample_input_dataset</folder>
	<filename>P00X000-2019092705003.jpg</filename>
	<path>/home/user/test</path>
	<source>
		<database>Unknown</database>
	</source>
	<size>
		<width>576</width>
		<height>540</height>
		<depth>3</depth>
	</size>
	<segmented>0</segmented>
	<object>
		<name>scissor</name>
		<pose>Unspecified</pose>
		<truncated>0</truncated>
		<difficult>0</difficult>
		<bndbox>
			<xmin>160</xmin>
			<ymin>131</ymin>
			<xmax>303</xmax>
			<ymax>348</ymax>
		</bndbox>
	</object>
	<object>
		<name>scissor</name>
		<pose>Unspecified</pose>
		<truncated>0</truncated>
		<difficult>0</difficult>
		<bndbox>
			<xmin>318</xmin>
			<ymin>143</ymin>
			<xmax>406</xmax>
			<ymax>374</ymax>
		</bndbox>
	</object>
	<object>
		<name>lighter</name>
		<pose>Unspecified</pose>
		<truncated>0</truncated>
		<difficult>0</difficult>
		<bndbox>
			<xmin>299</xmin>
			<ymin>343</ymin>
			<xmax>367</xmax>
			<ymax>466</ymax>
		</bndbox>
	</object>
	<object>
		<name>bottle</name>
		<pose>Unspecified</pose>
		<truncated>0</truncated>
		<difficult>0</difficult>
		<bndbox>
			<xmin>122</xmin>
			<ymin>226</ymin>
			<xmax>243</xmax>
			<ymax>466</ymax>
		</bndbox>
	</object>
</annotation>
