<annotation>
	<folder>sample_input_dataset</folder>
	<filename>P00X000-2019092701422.jpg</filename>
	<path>/home/user/test</path>
	<source>
		<database>Unknown</database>
	</source>
	<size>
		<width>576</width>
		<height>648</height>
		<depth>3</depth>
	</size>
	<segmented>0</segmented>
	<object>
		<name>bottle</name>
		<pose>Unspecified</pose>
		<truncated>0</truncated>
		<difficult>0</difficult>
		<bndbox>
			<xmin>117</xmin>
			<ymin>237</ymin>
			<xmax>274</xmax>
			<ymax>517</ymax>
		</bndbox>
	</object>
	<object>
		<name>gun</name>
		<pose>Unspecified</pose>
		<truncated>0</truncated>
		<difficult>0</difficult>
		<bndbox>
			<xmin>249</xmin>
			<ymin>215</ymin>
			<xmax>444</xmax>
			<ymax>368</ymax>
		</bndbox>
	</object>
	<object>
		<name>razor_blade</name>
		<pose>Unspecified</pose>
		<truncated>0</truncated>
		<difficult>0</difficult>
		<bndbox>
			<xmin>319</xmin>
			<ymin>184</ymin>
			<xmax>360</xmax>
			<ymax>229</ymax>
		</bndbox>
	</object>
	<object>
		<name>lighter</name>
		<pose>Unspecified</pose>
		<truncated>0</truncated>
		<difficult>0</difficult>
		<bndbox>
			<xmin>247</xmin>
			<ymin>158</ymin>
			<xmax>315</xmax>
			<ymax>217</ymax>
		</bndbox>
	</object>
</annotation>
