<annotation>
	<folder>sample_input_dataset</folder>
	<filename>P00X000-2019092703374.jpg</filename>
	<path>/home/user/test</path>
	<source>
		<database>Unknown</database>
	</source>
	<size>
		<width>576</width>
		<height>600</height>
		<depth>3</depth>
	</size>
	<segmented>0</segmented>
	<object>
		<name>hammer</name>
		<pose>Unspecified</pose>
		<truncated>0</truncated>
		<difficult>0</difficult>
		<bndbox>
			<xmin>115</xmin>
			<ymin>45</ymin>
			<xmax>427</xmax>
			<ymax>163</ymax>
		</bndbox>
	</object>
</annotation>
